Topic,Top Terms
Topic 00,genes,genome,rrna,mitochondrial,bac,rdna,genomes,its,regions,genomic,chromosome,species,eukaryotic,all,mtdna,database,map,human,clones,studies,16s,potential,number,small,analysis,their,important,features,physical,mouse,comparisons,representing,markers,genetic,http,known,properties,available,patterns,contains,individual,evolution,information,within,numbers,consists,detailed,rrnas,because,through
Topic 01,after,patients,treatment,group,dose,during,study,period,days,compared,significantly,weeks,treated,showed,one,mean,therapy,clinical,over,daily,significant,months,all,there,first,doses,joints,pet,before,uptake,than,performed,following,scans,primary,effective,observed,assessed,time,injection,early,baseline,events,lower,four,week,total,results,children,tumour
Topic 02,under,conditions,control,factors,rates,both,but,different,rate,several,line,population,strains,size,stable,within,growth,type,all,high,may,populations,effects,medium,when,three,observed,interactions,their,action,cortical,carrying,capacity,cultures,increasing,degree,normal,many,upon,regulatory,low,media,gas,advantage,per,here,decay,genetic,correlated,while
Topic 03,damage,may,activation,mutations,processes,lung,drug,other,effects,suggest,potential,mutagenic,chemical,induced,system,their,induce,activated,species,human,agents,related,reactive,also,systems,drugs,mutation,including,toxicity,role,enzymes,some,pathways,tumors,observed,oxygen,might,found,proteins,such,several,known,events,lesion,point,implicated,cause,assay,genetic,biological
Topic 04,studies,risk,exposure,environmental,health,chemicals,toxicity,effects,human,there,current,chemical,use,about,factors,such,analysis,water,other,research,air,population,used,should,many,disease,possible,its,assessment,cancer,will,may,areas,analyses,their,exposures,because,thyroid,various,time,including,important,public,evidence,characteristics,status,all,associated,over,could
Topic 05,receptor,effects,increased,induced,growth,mrna,increase,also,treatment,results,production,inhibition,hormone,levels,effect,synthesis,addition,decreased,but,study,role,potential,important,did,induction,treated,calcium,estrogen,epithelial,response,may,tnf,selective,factor,observed,pathway,mice,cellular,membrane,serum,culture,cytokines,intracellular,decrease,changes,mg/kg,regulation,antibodies,extracellular,however
Topic 06,mice,bone,tissue,exposure,tissues,lesions,after,development,concentrations,normal,blood,levels,enzyme,ada,animals,more,rats,adducts,exposed,vitro,than,may,measured,benzene,marrow,low,effects,lung,irradiation,elevated,response,when,used,control,did,lungs,pulmonary,compounds,showed,flow,studies,adduct,sensitivity,its,mixture,lower,exhibited,male,only,detected
Topic 07,study,patients,children,women,age,had,subjects,associated,risk,positive,pylori,results,negative,but,association,infection,water,male,years,sex,compared,about,mental,however,using,his,after,first,symptoms,among,sensitivity,may,their,abdominal,survey,consumption,criteria,blood,test,memory,fat,specificity,people,those,value,used,factors,testing,controls,health
Topic 08,method,pcr,new,using,based,sequencing,large,assay,class,used,developed,sample,amplification,technique,use,primers,samples,study,detection,obtained,described,different,genes,novel,methods,procedure,specific,useful,only,candidate,simple,analysis,efficiency,any,screening,both,will,viruses,isolates,approach,pathway,their,set,such,target,those,possible,function,number,also
Topic 09,base,structure,conformation,pairs,nmr,pair,protons,form,helix,double,structures,degrees,conformations,operator,conformational,proton,spectra,one,change,secondary,temperature,exchange,possible,imino,energy,observed,structural,other,different,than,duplex,free,loop,pairing,low,resonances,changes,interaction,dimer,both,upon,sugar,group,results,relative,show,transition,chemical,concentration,calculations
Topic 10,oligonucleotides,oligonucleotide,duplex,fluorescence,containing,probes,base,antisense,duplexes,more,than,used,target,degrees,modified,probe,phosphorothioate,complementary,rnase,molecules,stability,hybridization,acid,enzyme,fluorescent,strand,formed,showed,groups,melting,addition,when,incorporated,residues,results,ssdna,observed,presence,single-stranded,emission,interactions,single,hairpin,formation,potential,forms,identical,corresponding,also,hybrids
Topic 11,model,models,using,results,images,analysis,both,our,based,obtained,used,proposed,accuracy,different,local,time,method,statistical,compared,number,parameters,comparison,measurements,all,techniques,approach,hand,algorithm,previous,bayesian,when,accurate,effect,variable,reference,independent,test,significant,array,analyzed,experimental,each,human,study,network,field,more,presence,common,also
Topic 12,plasma,showed,response,proteins,stress,high,normal,heat,components,plants,present,their,analysis,after,may,also,concentration,studies,caused,found,other,only,suggest,cytoplasmic,light,h2o2,levels,treatment,but,concentrations,membrane,surface,oxidative,staining,presence,stability,three,they,function,plant,transfer,induced,particle,cholesterol,cold,exhibited,accumulation,seen,species,all
Topic 13,rnas,processing,coli,rrna,iii,vitro,mrna,snrna,rnase,trna,stem,end,ribosomal,structure,containing,translation,transcripts,mrnas,precursor,codon,escherichia,ribosome,initiation,small,ribonuclease,results,transcript,secondary,termination,structures,codons,into,similar,efficient,loop,chloroplast,stop,nucleotides,extracts,native,polymerase,16s,upstream,subunit,internal,cap,nuclear,same,cleaved,mature
Topic 14,restriction,fragments,gel,digestion,end,chromosome,one,electrophoresis,fragment,analysis,used,using,nucleotide,virus,partial,method,genome,reaction,length,ends,sequencing,labelled,into,electron,chromosomal,complete,strand,terminus,chromosomes,ligase,long,presence,polyacrylamide,each,observed,only,derived,structure,within,high,technique,pattern,then,could,size,region,single,after,integration,adjacent
Topic 15,human,activity,differentiation,alpha,type,lines,methylation,p53,beta,during,role,muscle,silencing,line,its,mouse,levels,genes,expressed,wild,telomerase,show,into,function,development,cycle,beta-globin,recombinant,our,activated,able,globin,hiv-1,ability,shown,glycosylase,derived,mutant,expressing,cat,however,activation,could,cpg,transcripts,both,may,reduced,methylated,specific
Topic 16,transcription,promoter,element,region,elements,site,factor,transcriptional,activity,activation,upstream,promoters,enhancer,vitro,initiation,genes,both,within,factors,located,e1a,but,regulation,adenovirus,vivo,other,regulatory,sites,virus,identified,nuclear,also,replication,bind,important,box,transient,required,tata,analysis,position,effect,specific,major,deletion,activated,start,viral,mutation,results
Topic 17,cancer,breast,research,tumors,clinical,study,tumor,meeting,new,families,mammary,conference,therapy,international,presented,markers,major,approaches,training,also,biological,held,biology,present,cases,together,invasive,alterations,recent,scientists,advances,prevention,coronary,report,molecular,years,diseases,treatment,all,considered,annual,trials,pathways,particular,studies,such,identify,carcinomas,program,findings
Topic 18,system,methods,development,information,bladder,used,our,systems,use,such,will,complex,developed,medical,how,present,alternative,points,new,describe,structures,quantitative,using,prediction,specific,work,technology,motion,made,other,knowledge,approach,based,within,global,they,research,basis,difficult,there,make,control,design,access,available,developing,yet,background,better,defined
Topic 19,mutant,polymerase,coli,synthesis,system,base,mutations,pol,endonuclease,mutants,vitro,into,repair,containing,recombination,wild-type,recognition,plasmid,both,activity,results,positions,replication,escherichia,when,vivo,mutagenesis,exonuclease,e.coli,efficiently,using,fragment,mutation,constructed,extracts,strand,yeast,recombinant,either,specificity,formation,recognizes,strain,single,opposite,also,insertion,template,type,incorporated
Topic 20,activity,cleavage,chromatin,enzyme,nuclease,purified,particles,nuclei,core,ribozyme,specific,active,histone,virus,atp,nuclear,dnase,circular,weight,approximately,single-strand,histones,micrococcal,nucleosome,associated,alkaline,containing,digestion,molecular,enzymes,also,ribozymes,nucleosomes,released,mg2,presence,catalytic,amount,mononucleosomes,low,release,double-stranded,suggest,kda,acceptor,substrate,forms,chromatography,since,only
Topic 21,sites,site,consensus,splice,intron,splicing,introns,regions,human,found,recognition,gap,both,exon,nucleotide,alternative,structure,junction,point,may,spliced,its,communication,role,but,some,whose,most,intercellular,branch,mutations,single,highly,pombe,alleles,possible,due,nor,junctions,allele,aberrant,acceptor,set,distribution,placed,near,one,revealed,presence,genes
Topic 22,complex,complexes,interaction,affinity,proteins,site,bound,binds,mobility,nuclear,gel,both,assay,cleavage,using,interactions,electrophoretic,but,high,bind,formation,footprinting,shift,studies,containing,experiments,factor,does,adh,crosslinking,ability,dnase,specific,reagent,demonstrated,upon,bending,may,xenopus,contain,shown,magnetic,characterized,region,coli,required,when,one,zinc,shows
Topic 23,program,analysis,database,programs,used,computer,system,alignment,information,structure,available,user,software,structures,function,all,search,also,new,set,databases,using,into,server,designed,use,secondary,algorithm,paper,package,known,alignments,present,given,acid,written,nucleic,other,allows,collection,e.g,proteins,fortran,interface,algorithms,tool,multiple,related,structural,users
Topic 24,levels,mortality,study,exposure,total,lead,increase,significant,effect,air,all,than,respiratory,causes,blood,acid,found,increased,death,their,ratio,control,day,mean,cardiovascular,pressure,days,higher,effects,groups,group,relative,during,deaths,function,workers,lung,pollutants,level,population,among,observed,over,respectively,age,analysis,exposures,associated,compared,daily
Topic 25,reaction,synthesis,modified,group,nucleoside,substrate,adenine,products,reactions,compounds,derivatives,phosphate,prepared,nucleotides,derivative,labeling,terminal,affinity,yield,new,corresponding,triphosphates,product,respectively,groups,triphosphate,ring,labeled,its,first,substrates,used,treatment,position,reverse,into,analog,transfer,nucleosides,nucleotide,showed,adenosine,enzymatic,trna,tested,containing,synthetase,four,bases,chemical
Topic 26,mrna,genes,cdna,cloned,region,coding,isolated,genomic,human,clone,present,segment,mrnas,kappa,found,clones,repeated,rat,homology,homologous,nucleotides,analysis,different,hybridization,other,regions,repeat,transcripts,located,one,about,mouse,genome,segments,contains,probe,same,three,copies,nucleotide,containing,library,site,identified,length,polypeptide,repeats,long,chicken,family
Topic 27,patients,had,diagnosis,cases,who,disease,acute,years,case,patient,symptoms,clinical,diagnostic,hospital,performed,presented,rare,pain,surgical,during,syndrome,abdominal,should,after,treatment,there,lesions,operation,all,management,pancreatitis,complications,reported,occurred,associated,period,days,within,normal,three,gallbladder,alcohol,without,present,but,hours,most,developed,bleeding,biliary
Topic 28,amino,conserved,region,proteins,acids,acid,domain,found,family,reading,subunit,motif,residues,yeast,show,highly,functional,one,involved,domains,subunits,similar,frame,putative,previously,codon,members,within,structural,first,genes,motifs,open,encoding,peptide,three,deletion,among,reported,regions,similarity,basic,c-terminal,human,catalytic,forms,shows,other,common,comparison
Topic 29,than,more,but,other,most,one,less,their,only,some,higher,when,during,appear,trna,there,all,may,much,result,greater,found,differences,while,species,rate,suggest,little,compared,very,lysine,observed,about,different,also,they,although,steps,active,contrast,each,large,would,changes,three,since,our,frequency,effect,single
